{"cameraMode":{"drawMode":0,"name":"Shaded","section":"Shading Mode"},"sceneLighting":true,"audioPlay":false,"sceneViewState":{"showFog":false,"showMaterialUpdate":false,"showSkybox":false,"showFlares":false,"showImageEffects":false,"showParticleSystems":false},"in2DMode":false,"pivot":{"x":-0.3883042335510254,"y":1.0666989088058472,"z":-0.8868399262428284},"rotation":{"x":-0.1088840663433075,"y":0.79183030128479,"z":-0.14802704751491548,"w":-0.5824441313743591},"size":2.6024935245513918,"orthographic":false}